Category,Average,Count
Ingenieur,2876.3097611175795,1.2927652605914237
RH,648.8954821081259,1.2927652605914237
Prout,2970.077459330012,1.7236870141218983
