Category,Average,Count
Ingenieur,4967.179445642819,0.3219058851237588
RH,1120.5956829370198,0.3219058851237588
Prout,5129.109495570774,0.4292078468316784
