Category,Average,Count
Ingenieur,5611.255087314232,1.027068747802324
RH,1265.8991476980907,1.027068747802324
Prout,5794.182003160676,1.3694249970697652
