Category,Average,Count
Ingenieur,7613.904837118252,0.4610999339822158
RH,1717.6969312538774,0.4610999339822158
Prout,7862.118134808306,0.6147999119762878
