Category,Average,Count
Ingenieur,3407.91016272379,1.927197267443547
RH,768.824532710487,1.927197267443547
Prout,3519.0080340285854,2.5695963565913957
