Category,Average,Count
Ingenieur,752.2490505722652,2.2169941808940257
RH,169.70738580910302,2.2169941808940257
Prout,776.772369620921,2.955992241192034
