Category,Average,Count
Ingenieur,3949.372906143029,0.5585966807773584
RH,890.9785276258673,0.5585966807773584
Prout,4078.1224628832915,0.7447955743698111
