Category,Average,Count
Ingenieur,2934.9779299337133,0.7399126507614702
RH,662.1310209930457,0.7399126507614702
Prout,3030.658210449552,0.9865502010152936
