Category,Average,Count
Ingenieur,4393.517286090737,1.5946635696982798
RH,991.1774997420702,1.5946635696982798
Prout,4536.745949617294,2.12621809293104
