Category,Average,Count
Ingenieur,4314.168083295311,0.04573398475412949
RH,973.2763195914221,0.04573398475412949
Prout,4454.8099628107375,0.06097864633883932
