Category,Average,Count
Ingenieur,6004.838117308885,0.66542377954025
RH,1354.6914792648843,0.66542377954025
Prout,6200.595839933154,0.8872317060536666
