Category,Average,Count
Ingenieur,6507.6506660727255,1.148638058631218
RH,1468.1259902660067,1.148638058631218
Prout,6719.8000777866955,1.5315174115082906
